Name,Description,Config Key,Config Value,Config Type(System|Website|Organization|Beneficiary|Donor|Payment|Agent|Project|Post),Environment(DEV|STG|LIVE),Allow Override,Force,Published
test name test,test<br>test<br>test<br>test,test key111,test val,Project,STG,Yes,No,Yes
name test test,testing,testing key,testing val,Beneficiary,STG,No,Yes,No
vivek123,des,key,val,Beneficiary,LIVE,Yes,No,Yes
hi,hi test,hi key,hi val,Beneficiary,STG,No,Yes,No
jhkjh,jhkjhk,hjkhjk,jhkjhkjh,Organization,STG,Yes,No,Yes
test,test,test,test,System,STG,No,Yes,No
test name test,test des,test key,test val,Beneficiary,STG,Yes,No,Yes
jh,gfh,c k,cv,System,STG,No,Yes,No
jh,dsf,sdf,df,System,STG,Yes,No,Yes
ghj,hgjghjgh,hj,hgjh,Beneficiary,STG,Yes,Yes,No
dfgfd,fgfd,gfdfg,fdgdfg,Beneficiary,STG,Yes,Yes,No
aaaaa,aaaaaaa,aaaaa,aaaa,Beneficiary,STG,Yes,Yes,No
