#ID,Country,Published,Name(English),Description(English),Name(Arabic),Description(Arabic)
2,india,Yes,English,English,Arabic,Arabic
3,india,No,English1,English des,Arabic2,Arabic des
4,india,Yes,English2,English2,Arabic2,Arabic2
5,india,Yes,English3,English3,Arabic3,Arabic3
6,india,No,English4,English4,Arabic4,Arabic4
7,india,No,English5,English5,Arabic5,Arabic5
8,india,Yes,English5,English5,English5,English5
9,india,Yes,English5,English5,E,
10,india,No,English,gfhgfhgf,ghgfh,ghg
11,india,No,English,,English,
12,india,No,English,,English,
13,india,No,English,,English,
,india,No,Englishdsf,,English,
